,title,text
0,"Happy Cakeday, r/fomo! Today you're 10","Let's look back at some memorable moments and interesting insights from last year.

**Your top 10 posts:**

* ""[a bad case of fomo](https://www.reddit.com/r/fomo/comments/s2nw5n)"" by [u/throwaway19902021](https://www.reddit.com/user/throwaway19902021)
* ""[Anyone have ""covid fomo?""](https://www.reddit.com/r/fomo/comments/qqpg61)"" by [u/spankyourkopita](https://www.reddit.com/user/spankyourkopita)
* ""[A Letter to those who don't have FOMO](https://www.reddit.com/r/fomo/comments/ub73om)"" by [u/SoftwareOk1180](https://www.reddit.com/user/SoftwareOk1180)
* ""[Always feel left out](https://www.reddit.com/r/fomo/comments/tcuibn)"" by [u/justsad95](https://www.reddit.com/user/justsad95)
* ""[man. forget this man. i was like yall once. u gotta forget about this stuff goin on. chelsey opening her 3rd shit egg this year is not on my bucket list bro. i louve u all wholsome chungus 69](https://www.reddit.com/r/fomo/comments/teoh6t)"" by [u/Human-Piece-482](https://www.reddit.com/user/Human-Piece-482)
* ""[Prom fomo and why I got it.](https://www.reddit.com/r/fomo/comments/uv4auk)"" by [u/flyingrobinskydiving](https://www.reddit.com/user/flyingrobinskydiving)
* ""[How To Deal With FOMO - Video](https://www.reddit.com/r/fomo/comments/txux4q)"" by [u/Thomas\_Doyle98](https://www.reddit.com/user/Thomas_Doyle98)
* ""[NAKD nothing but coffee and cigarettes ‚Äòtill noon.](https://www.reddit.com/r/fomo/comments/rrd9tq)"" by [u/Beautiful\_Category\_8](https://www.reddit.com/user/Beautiful_Category_8)
* ""[When you FOMO on the NeXT Tesla](https://www.reddit.com/r/fomo/comments/qt8mlo)"" by [u/Suspicious\_End\_6685](https://www.reddit.com/user/Suspicious_End_6685)
* ""[Happy Cakeday, r/fomo! Today you're 9](https://www.reddit.com/r/fomo/comments/qrxwz8)"" by [u/AutoModerator](https://www.reddit.com/user/AutoModerator)"
1,Prom fomo and why I got it.,"So my bf (18y/o male) went to senior prom without me(18y/o enby), Which doesn‚Äôt sound really bad we find out that I have crippling anxiety. But it‚Äôs the fact that he didn‚Äôt even tell me he was going to prom after us talking about going to prom together. The thing is for the last past week I‚Äôve watched all my friends go to prom I wasn‚Äôt sad I wasn‚Äôt mad I was excepting I was happy for them until I saw my bf ex gf post about them at prom (no together tho). Me and my bf are in a group chat together of all our middle school friends, and all day he‚Äôs been talking about how he‚Äôs getting ready for something I thought maybe the guys were having a meet up, note he was getting ready for prom without saying he was getting ready for prom because he didn‚Äôt tell me he was going to prom still. I kind of wanna leave my group chat now but I know I can‚Äôt I‚Äôm graduating high school in two weeks and they‚Äôre all I have I guess my FOMO has already happened. But some advice on how I handle the situation would be good.

‚Ä¶‚Ä¶‚Ä¶‚Ä¶‚Ä¶..‚Ä¶‚Ä¶‚Ä¶‚Ä¶‚Ä¶‚Ä¶‚Ä¶‚Ä¶‚Ä¶‚Ä¶‚Ä¶‚Ä¶‚Ä¶‚Ä¶‚Ä¶‚Ä¶‚Ä¶‚Ä¶‚Ä¶‚Ä¶‚Ä¶‚Ä¶‚Ä¶‚Ä¶‚Ä¶‚Ä¶.
Update :
We broke up"
2,A Letter to those who don't have FOMO,"Dear Friend Who Doesn‚Äôt Suffer from FOMO,

Your mental attitude surprises me. You are unaffected when you go on Snapchat and see the stories that your friends post when they are at a party without you. The same is true when you go on Find My Friends and you see two of your best friends together while you are at home, alone. You don‚Äôt feel like you are missing out on anything special and instead just passively watch, not letting anything get to your head. Maybe you are an introvert and being at large gatherings makes you uncomfortable. I understand how you can find happiness being alone, binging your favorite show.

FOMO, also known as fear of missing out, is a word that eats at my mental health, but not yours. FOMO is defined as the anxiety brought about when you feel like you are missing out on experiences or knowledge. I am someone who always wants to be in the know and wants to be included. Even if I am unable to go somewhere because I have a conflict, I still want the invite. It‚Äôs important to me to feel like I am wanted somewhere, while you can simply appreciate the fact that your friends are having fun.

Given today‚Äôs culture, I am genuinely surprised that you don‚Äôt suffer from crippling FOMO. Social media has perpetuated FOMO. When people go out, they attempt to produce FOMO in others by posting on social media. Maybe you understand better than I do that social media can be deceiving. When I am out and someone I am with posts a video, it can seem like the most fun thing ever, when it often really isn‚Äôt. Plenty of research has shown the negative effects of social media on mental health. You see other people looking like they are having the time of their lives, and you aren‚Äôt.

I really wish that I could just look at something I am left out of and not care. I wish that not being included in something didn‚Äôt leave me with terrible anxiety and feeling somewhat depressed. This feeling is consistent with my tendency to overthink things. Something small often becomes an ordeal in my mind as I construct reasons as to why I am alone or not invited, such as no one wants to hang out with me. This mindset becomes frustrating when someone I always hang out with, or used to, has moved to only hanging out with one of my other best friends.

I recognize that we all struggle with problems and hardships in our lives. I‚Äôm not saying that just because you don‚Äôt have severe FOMO your life is perfect. Instead, it‚Äôs just easy for me to imagine that your life is a little better than mine. I am sure that overcoming an obstacle or struggling with being an introvert is difficult to go through as well. With everything going on in our lives, I admire your ability to be independent. I wish I could happily spend my Friday nights alone without the feeling of FOMO.

One suggestion you might give me to overcome my FOMO is to look at technology and social media less. I know that I need to take a step back from technology, but that is easier said than done. I am simply too obsessed and addicted to technology. To cut technology and social media out of my life is nearly impossible. Another suggestion that I think is more feasible for me is to change my focus. Rather than focusing on not being there, should I be happy for my friends and look forward to being at the next event with them?  Is that your attitude? I understand I need to see things in an optimistic way as opposed to being jealous.

I know you don‚Äôt have similar feelings to me. But, my hope is that you can help change my mindset so that I don‚Äôt constantly experience FOMO. I hope this letter finds you well, and please help me beat FOMO.

Best,

Abby"
3,How To Deal With FOMO - Video,"[How To Deal With FOMO](https://youtu.be/oy27KAv-KUI) \- Hi everyone, I have just made a video for my You Tube channel on some advice for how to deal with FOMO, this is just what has worked for me I'm not an expert! 

Hopefully you can take something away from it though! Thank you :)"
4,man. forget this man. i was like yall once. u gotta forget about this stuff goin on. chelsey opening her 3rd shit egg this year is not on my bucket list bro. i louve u all wholsome chungus 69,
5,Always feel left out,Anyone else always feel alone? I‚Äôm an only child and always felt left out but as I get older it just gets more intense. My dad just died & my family has only grown even more distant. I constantly seeing people on socials all out and about having fun & I never really get invited places. I always seem like the last option. They‚Äôre like ‚Äúoh let‚Äôs hangout soon!!‚Äù And I‚Äôm never thought of to be invited. Idk I just always feel so left out. Especially on weekends‚Ä¶ anyone else?
6,a bad case of fomo,"I just fount out. Everyone had fun without me, I started to panic extremely bad. Went outside in the pitch dark, felt unsafe, ran back inside and continued panicking at the thought of others having fun without me. 
I couldn't even study without feeling like I was going to throw up."
7,NAKD nothing but coffee and cigarettes ‚Äòtill noon.,NAKD / Cenntro Merger THIS IS HUGE. Nothing but coffee and cigarettes ‚Äòtil noon! AH has my spidy senses tingling. Be one hell of a ride next couple of weeks. DD This is a panty dropper!LITERALLY dropping panties for last mile COMMERCIAL EV REAL production on the road now. BIGBIG contracts coming.
8,"Happy Cakeday, r/fomo! Today you're 9","Let's look back at some memorable moments and interesting insights from last year.

**Your top 10 posts:**

* ""[FOMO life](https://www.reddit.com/r/fomo/comments/mpxafp)"" by [u/D\_3nise](https://www.reddit.com/user/D_3nise)
* ""[ETFM AKA FOMO](https://www.reddit.com/r/fomo/comments/lpms0u)"" by [u/s-j89](https://www.reddit.com/user/s-j89)
* ""[Speaking of ""fomo""](https://www.reddit.com/r/fomo/comments/lo3rh3)"" by [u/s-j89](https://www.reddit.com/user/s-j89)
* ""[Is it me or is it my FOMO???](https://www.reddit.com/r/fomo/comments/nwk8fs)"" by [u/selflove\_AM](https://www.reddit.com/user/selflove_AM)
* ""[Why do I have this fear of missing out?](https://www.reddit.com/r/fomo/comments/mcaoo6)""
* ""[How the f do i deal with fomo](https://www.reddit.com/r/fomo/comments/pcynky)"" by [u/Ok\_Mixture\_6873](https://www.reddit.com/user/Ok_Mixture_6873)
* ""[FOMO about PS5](https://www.reddit.com/r/fomo/comments/juv53c)"" by [u/animepig](https://www.reddit.com/user/animepig)
* ""[Never knew I had fomo but here i am](https://www.reddit.com/r/fomo/comments/pkgjt2)"" by [u/Shubham\_Agent47](https://www.reddit.com/user/Shubham_Agent47)
* ""[The Real Reason Why People Have Foot Fetishes](https://www.reddit.com/r/fomo/comments/n6980o)"" by [u/Jeremy\_Lerrion5](https://www.reddit.com/user/Jeremy_Lerrion5)
* ""[The Fear of Missing Out FOMO](https://www.reddit.com/r/fomo/comments/mkdola)"" by [u/Motivational\_Memos](https://www.reddit.com/user/Motivational_Memos)"
9,"Anyone have ""covid fomo?""",I feel like I'm missing out on so many social things because covid won't allow us to. I know everyone is on the same boat but every passing day without no end to covid is more time I can't do things and have to put stuff on hold. I just feel like one day I'm gonna wake up old when it's over and be super bitter that I missed out on certain things in life . Certain things I won't be able to get back.
10,how to deal with fomo,"Hey everyone!! i've been dealing with fomo ever since all my friends started attending offline classes, except me ofc. they talk about it in group chats, in calls, this happened, that happened,  i feel so left out.  


i've been balling my eyes out every school night, i can't focus on online classes because i just sit through them thinking about what the others might be doing in school, this sucks.  


please help me out."
11,Fiscally conservative makes me FOMO.,"I am afraid to spend money and I'm starting to think I don't have a life. I worked as an essential worker and was fortunate to save quite a bit of money during quarantine. In addition to work, I received scholarships from my university and have been saving a decent amount within a year (\~$40,000). While everyone has been partying, eating out and living their life since safety measures have eased out, I'm still resistant towards spending too much. I want to save for a car and have a safety net when I graduate. I want to hopefully save enough money to start investing and possibly put a down payment on a house. 

 My friends say I'm too young (24) to worry so much about money, but I don't like spending my money on nails, makeup, concerts, raves, expensive restaurants etc. like other people my age do. My mind is very future oriented, and I feel like my sacrifices of saving money now will pay off later on. I'm also pretty introverted and enjoy reading, watching TV/youtube, making bracelets and working with other hobbies that allow me to stay home and not spend so much. But, there's this constant FOMO that's always playing in the back of my head because I see others my age doing so much outside (and spending so lavishly). 

Does anyone else feel this way? For those older and have more wisdom, am I too frugal for my own good? I would also love to hear how others have amazing experiences while keeping their wallets in tact."
12,Never knew I had fomo but here i am,"Yesterday was the farewell of my 10th grade and i couldn't go to it because my mom thinks meeting friends outside once a month is too much or something and most of the friends i care about went had fun took pics and i feel so shit and sad right now even tho i am, or was introverted and this sucks"
13,i self sabotage when i have fomo,"i have to quarantine til the 13th, therefore i‚Äôm alone and missing out on everything my friends/significant other are doing ‚Ä¶ it‚Äôs mostly with relationships when it‚Äôs pretty bad , i feel depressed and alone and not wanted and left out, so the most logical thing to do according to my stupid brain is distancing myself and pushing everyone away. I‚Äôm home and my boyfriend is at wildwood (beach) with his fam and i can‚Äôt go bc my mom and sis have covid and i have to tend to them (it‚Äôs been 5 days ) yesterday is was pretty bad i stayed in my room the whole day i didn‚Äôt even eat bc of how sad and alone i felt and i self sabotaged , i posted my ass on instagram knowing it would get a reaction of out my boyfriend (it certainly did, he said he didn‚Äôt feel respected and was super mad ) so i woke up today and checked his location .. he‚Äôs at the beach so now i don‚Äôt want to text him at all today bc he‚Äôs having the time of his life and i don‚Äôt want to interrupt /bother his perfectly fun day. and now i pity myself and punish my self by not eating/sleeping the whole day bc i feel alone . maybe this is me being emotionally dependent, maybe it‚Äôs not fomo"
14,im fucking confused,
15,Is it me or is it my FOMO???,"Am I only one who has not made any meaningful friendships in college after months of online college.
Like I see my college mates tagging each other in FB and writing long ass bday posts as if they have known each other their whole life!!!!
NGL it kind of makes me feel left out....and let's not even get into the groups that get formed!!!

Don't forget I belong to the weird crapluck 2020 batch!!!
Might be my FOMO speaking.üòÖüòÖüòÖ"
16,Super cool away to consolidate losses!,I love finding quick and easy ways to lose my money :)!
17,Hurry up- might be going to the moon this week!,
18,"FULL CRYPTO GUIDE PUT TOGETHER BY ME MYSELF! ALL THE BASICS ABOUT CRYPTO, TO ALL THE ADVANCED MORE DIFFICULT METHODS, TRENDS, STRATEGIES ETC‚Ä¶",
19,Where can I meet new people?,"Where are places that I can meet new people, and interact with strangers and socialize with people?
Like public places, and I don't mean anything online"
20,fomo,fear of missing out (fomo)
21,Why can't I make people talk back to me?,"I'm a good person, I'm nice, I'm attractive, I'm smart, I'm respectful, I'm calm, I'm funny, I'm hardworking, I'm positive, I'm not awkward, I'm not weird, I'm not stupid, I learned things, I know how to be to people, but I'm an introvert, I don't talk to people, and I never used to, I'm 18, and now I'm trying talking to people, I put myself out there, I'm giving anyone my approval, it's not working, I am not doing anything wrong, but I don't know what it is, I'm showing interest, but people aren't, no one is, this is part of me not getting what I want, I'm trying.. what am I supposed to do?"
22,FOMO life,I‚Äôm 20 and I‚Äôve never been clubbing and I don‚Äôt have a proper group of friends I can go out with and I have strict parents that don‚Äôt let me stay over at friends houses. I see everyone around me gaining many memories and living their lives and having fun. Every time someone tells me about a road trip they went on with their friends or something fun they did I get this nagging feeling In my chest call it jealousy but I just feel like I would‚Äôve really enjoyed that experience too. I feel lonely most of the time and I just can‚Äôt get over this feeling. Does anyone have any helpful advice?
23,The Fear of Missing Out FOMO,
24,Why do I have this fear of missing out?,"Im going on 28 soon and sometimes I feel like I missed out on so many opportunities. Yes, I know im young but still. Like there are so many opportunities out there and youre not going to see them anymore. Here's a good example, imagine you really wanted to meet Stan Lee (creator of Marvel), but now that he's dead that opportunity is gone. Or even Larry King, he's gone too. I have some goals in mind myself, I'd love to visit the UK, there are other famous people id like to meet too. I would especially love to meet Alison Brie (Mad Men, Community). She seems so nice and friendly. Or even Maisie Williams from Game of Thrones. I also like Betty White, now imagine meeting her before she passes.THESE opportunities im talking about. There are once in a lifetime opportunities that youre never going to get, and yet I hear ""youre young, you have your whole life ahead of you"". I could have met Stan Lee, that would've been a great experience. Whoever said ""good things come to those who wait"" should end up like something from a Tarantino film."
25,FOMO CORP M&A TARGET ECOLITE WINS LARGE LIGHTING CONTRACT,
26,"Fear of Missing Out, Retards? Take a look at the true FOMO Stock!","FOMO Corporation is an OTC stock, so you can‚Äôt buy it on Robinhood, but you can buy In on Schwap, for example.

I own 100K shares.

They currently trade under the symbol ETFM, but have recently partitioned the SEC to change they‚Äôre symbol to FOMO.

It is a integrated tech company specializing smart lifting, HVAC software and optimization, building disinfection solutions, etc. and are buying up and partnering other companies and partner to achieve this goal.

You can find out more at [https://www.fomoworldwide.com](https://www.fomoworldwide.com/).

Listen in on their recent conference call here: [https://www.conferencecalling.com/recordings/1588083/698013/VCISPREC02\_698013\_20210310\_140337](https://www.conferencecalling.com/recordings/1588083/698013/VCISPREC02_698013_20210310_140337)

You can see the Slide Deck here: [https://e386a895-b5a4-4d97-8d55-79bfd3e52375.filesusr.com/ugd/14ef60\_f8c935684fb043bd86d0a10a99b04bac.pdf](https://e386a895-b5a4-4d97-8d55-79bfd3e52375.filesusr.com/ugd/14ef60_f8c935684fb043bd86d0a10a99b04bac.pdf)

I‚Äôm a retail investor and am excited about this opportunity. 

What do you other retards thing? of Missing Out, Retards? Take a look at the true FOMO Stock!"
27,ETFM AKA FOMO,"https://finance.yahoo.com/news/fomo-corp-launches-indoor-air-110000159.html

Chicago, IL, Feb. 22, 2021 (GLOBE NEWSWIRE) -- FOMO CORP. (US OTC: ETFM) is pleased to announce that it has launched Indoor Air Quality (IAQ) as-a-Service (IAQ..."
28,"Speaking of ""fomo""","Check out ticker etfm. Its changing its ticker to what......

$FOMO"
29,I think he finally understood the struggle,
30,Social Media FOMO,It took a while to get over the fomo. Ultimately I had the realization that my attention span on those platforms is literally .5 seconds long. Id be missing out on things I would forget minutes (if not seconds) later.
31,FOMO Investing,
32,A few thoughts on FOMO.,
33,FOMO about PS5,"I didn't care much for next gen consoles for most of the year, but now that release day happened it's plastered all over my youtube feed with unboxings, reviews, and demon souls.

I like to think myself a smart consumer, so deep down I know that getting ps5 at launch isn't super important when new games are still coming to ps4 anyway. And of course I save a couple hundred that I can use else where for black friday. 

I just need some validation, patient gamers lend me your energy."
34,"Happy Cakeday, r/fomo! Today you're 8","Let's look back at some memorable moments and interesting insights from last year.

**Your top 10 posts:**

* ""[FOMO on sunny days](https://www.reddit.com/r/fomo/comments/gu0f8a)"" by [u/digital\_lean](https://www.reddit.com/user/digital_lean)
* ""[FOMO seriously affects my life negatively in a lot of ways and I have no idea what to do about it.](https://www.reddit.com/r/fomo/comments/hfygs4)"" by [u/PigeonSupreme09](https://www.reddit.com/user/PigeonSupreme09)
* ""[Atlanta Airport redefines FOMO. This made me smile. üòä](https://www.reddit.com/r/fomo/comments/hmv0hw)"" by [u/foodorphotos](https://www.reddit.com/user/foodorphotos)
* ""[Please oh god the fomo please](https://www.reddit.com/r/fomo/comments/gfgfv7)"" by [u/SearchingForIllegals](https://www.reddit.com/user/SearchingForIllegals)
* ""[FOMO in highschool.](https://www.reddit.com/r/fomo/comments/jnfpcu)"" by [u/Affectionate-Poem345](https://www.reddit.com/user/Affectionate-Poem345)
* ""[what can i do against this horrible life changing condition?](https://www.reddit.com/r/fomo/comments/jd2du7)"" by [u/fightagainstbalding](https://www.reddit.com/user/fightagainstbalding)
* ""[anxiety and fomo during covid](https://www.reddit.com/r/fomo/comments/j2qi9r)"" by [u/l4ur4k1rst3n](https://www.reddit.com/user/l4ur4k1rst3n)
* ""[The Psychology Behind ‚ÄòFear of Missing Out‚Äô (FoMO) ‚Äì Applied to Fantasy Premier League and GW33+](https://www.reddit.com/r/fomo/comments/hkzpkz)"" by [u/FPL\_\_Raptor](https://www.reddit.com/user/FPL__Raptor)
* ""[FOMO Destroyer: How To Attract Shy Girls (Quiet Women, Gamer Nerds, Virgins, Bashful Babes)](https://www.reddit.com/r/fomo/comments/e5oelz)"" by [u/dailymanup](https://www.reddit.com/user/dailymanup)
* ""[Ways to Earn FREE Cryptocurrency! Don't MISS OUT ON THE CRYPTO GOLD RUSH!](https://www.reddit.com/r/fomo/comments/inuluw)"" by [u/NectarineSweet](https://www.reddit.com/user/NectarineSweet)"
35,what can i do against this horrible life changing condition?,as the title says..
36,anxiety and fomo during covid,"i have really bad fomo and always feel left out even when it‚Äôs my choice to not do something. this weekend i was supposed to go see some friends but with the rising covid cases in ontario i‚Äôm feeling very anxious about it and know it‚Äôd be best if i stayed home. but i can‚Äôt shake the feeling i‚Äôd be missing out on a huge event, even though it‚Äôs just my 3 friends, and it‚Äôs something we can easily do again in the future. does anyone else have this problem? how do you deal with it right now?"
37,Atlanta Airport redefines FOMO. This made me smile. üòä,
38,The Psychology Behind ‚ÄòFear of Missing Out‚Äô (FoMO) ‚Äì Applied to Fantasy Premier League and GW33+,
39,FOMO on sunny days," Do you guys ever feel FOMO when the sun is out?

Like if you're indoors and have no plans, but it is sunny outside, do you feel a sense of unease if you're indoors?"
40,Please oh god the fomo please,
41,Why you should embrace the joy of missing out,
42,Im so scared of being left behind,"I'm kinda sad at the moment, I'm stuck at the same school as I have been at for the last 5 years, and a few of my closest friends have all gone to this big college (junior and senior yr for u I think) so I feel really left behind and sad about it cus I get realllyy bad FOMO. I'm also scared I'm gonna drift from everyone cus I reallyyy don't want to. 
I wanted to go to this place so badly, but my parents wouldn't let me and this sounds selfish but it sucks knowing that my friends are gonna be living life and making new friends and making new memories and I'll never be in them. 
I just found this random community to send to and hopefully I'll make new friends in it ahahah"
43,How To Get Investment From Girls - WATCH ONLY if you have FOMO with Women,
44,Do You Have FOMO With Girls?,
45,FOMO is like battling for the last piece of pizza.,You know there isn't enough for everyone so you better get that last piece before someone else does.
46,The latest trend in travel. Watch!,
47,Ever wonder ?,"We have fomo because we are indeed 'missing out'? 

Who reading this is under 30 , introverted , living out of the city , and lacking real stimulating relationships? "
48,FOMO OFFICIAL MUSIC VIDEO,
49,Who here hates FOMO!,
50,FOMO Coffee at SXSW,
51,Mcdonalds fries,
52,cool,I got this sub. Gonna use it for stuff. All 17 of you will hear about it soon :)
53,How To Tell If You Have FOMO Funny Relatable,
54,FOMO - The Fear Of Missing Out and How To Overcome It,
55,How I Fight FOMO Daily,
56,The Book of FOMO - Chapter 3: The Art of Snapchat,
57,The FOMO Blog - The Fear Of Missing Out,
58,"Crowdsourced Lousy T-Shirt -- Winter is Coming, don't be the only one without one.",
